<?xml version="1.0" encoding="UTF-8"?>
<configuration scan="true" scanPeriod="30 seconds">

	<!-- usage : https://logback.qos.ch/manual/layouts.html -->
	
	<property name="LOGS_PATH" value="./log" />	

    <appender name="CONSOLE" class="ch.qos.logback.core.ConsoleAppender">
        <encoder>
            <pattern>%d{yyyy-MM-dd HH:mm:ss.SSS} %-5level %-4relative --- [ %thread{10} ] %logger{20} : %msg%n </pattern>
        </encoder>
    </appender>
    
    
    <appender name="FILE" class="ch.qos.logback.core.rolling.RollingFileAppender">
        
<!-- <file>${LOGS_PATH}/labatory.log</file> -->
        
        <append>true</append>
        <!--
		      	%d{yyyy-MM-dd HH:mm:ss} : 년월일 시분초
		      	%thread : thread name 
		      	%-5level : log level , -5는 출력 고정폭 값
		      	%logger{length} :Logger name의 이름, {length}는 자리수
		      	%msg : log message %message은 alias
		      	%n : 줄바꿈
		      	
		      	org.fusesource.jansi:jansi:1.8 가 필요.
                        Linux ,Mac OS X 기본 지원
                        <withJansi>true</withJansi>설정후 사용해야 함
		      	%highlight : log level별로 color 차별화
		      	-->
        <encoder class="ch.qos.logback.classic.encoder.PatternLayoutEncoder">
            <Pattern>%d{yyyy-MM-dd HH:mm:ss} [%thread] %-5level %logger{36} - %msg%n</Pattern>
        </encoder>
        
        <rollingPolicy class="ch.qos.logback.core.rolling.SizeAndTimeBasedRollingPolicy">
            <fileNamePattern>${LOGS_PATH}/labatory_%d{yyyy-MM-dd HH}.%i.txt</fileNamePattern>
            <maxFileSize>1KB</maxFileSize> <!-- 로그 파일당 사이즈 한계 -->
            <maxHistory>30</maxHistory> <!-- 30일 유지 -->
            <totalSizeCap>1GB</totalSizeCap><!-- 1GB 용량 제한 -->
        </rollingPolicy>
        
    </appender>
	
	<logger name="org.springframework" level="info"/>
	
	<logger name="com.javateam.spring" level="debug"/>

    <root level="debug">
        <appender-ref ref="CONSOLE"/> <!-- Console에 로그를 출력하고자 할 때 사용 -->
        <appender-ref ref="FILE"/> <!-- File로 로그를 남기고자 할 때 사용 -->
    </root>

</configuration>